name,id
p3_tss_harmonized_site_info_20250131.rds,1-UOzkdhG_9E6aWZnaqJj4wlaieeuWiDa
p3_tss_harmonized_site_info.rds,16Cm9H5gAngY89GD2OsioZnzTbZh3zgOu
p3_tss_agg_harmonized_feather_20250131.rds,1nRDRRGd2JCGUpPzKzZlYLx9WEHhs4swD
p3_tss_agg_harmonized_feather.rds,14sjoUxMln1KbpmIoGlmT80hm4Cji4SFr
stable,1hZFqzUz2HWqtoB2MISUmzBuF5JkXk9sn
p1_wqp_params_tss.rds,1mvBKTulQ0C_5f70IIAbfJEsV_5qw7c3V
p2_wqp_data_aoi_tss_anon_20250131.feather,1JPpDI03ndLCV3Ix7larQpu25uMiQ2bBT
p2_wqp_data_aoi_tss_anon.feather,1UVADvQ9hXP0UsytWtQE7xmHas8LvmxgO
p2_site_counts_tss_20250131.rds,1h0xuOEQDpM6pBw6OdpvJbSsKZTn5R6AV
p2_site_counts_tss.rds,1_7hPOvA-pqBKfwdOJ_Tcy7vo-1VhPBch
p1_wqp_inventory_aoi_tss_20250131.rds,1yDYZWlmWtvVKLNFrM_HoHbImPXIxWHlM
p1_wqp_inventory_aoi_tss.rds,1e1ZnUaDMLmDTTaeLdxjzDqji3t4W6bWa
p1_char_names_crosswalk_tss_20250131.rds,1xZcxqZ71U5Kt1pLT7xhfKc8J3aeJd1G0
p1_char_names_crosswalk_tss.rds,17MNATJuZzbIXZpVjvqggn1gR8Nv8sAae
p1_wqp_params_tss_20250131.rds,1IDqYkhtouw3xPmdZDoi3RaVZE4NIqOkX
